i,qV(1)/qC(0),Run 1 of 1
1,0,"Question{QuestionCommittee{λ=21/2, rank=4}}"
2,0,"Question{QuestionCommittee{λ=21/2, rank=6}}"
3,0,"Question{QuestionCommittee{λ=21/2, rank=3}}"
4,0,"Question{QuestionCommittee{λ=21/2, rank=1}}"
5,0,"Question{QuestionCommittee{λ=21/2, rank=5}}"
6,0,"Question{QuestionCommittee{λ=21/2, rank=8}}"
7,0,"Question{QuestionCommittee{λ=23/4, rank=6}}"
8,0,"Question{QuestionCommittee{λ=21/2, rank=2}}"
9,0,"Question{QuestionCommittee{λ=23/4, rank=1}}"
10,0,"Question{QuestionCommittee{λ=27/8, rank=6}}"
11,0,"Question{QuestionCommittee{λ=21/2, rank=7}}"
12,0,"Question{QuestionCommittee{λ=23/4, rank=5}}"
13,0,"Question{QuestionCommittee{λ=27/8, rank=5}}"
14,0,"Question{QuestionCommittee{λ=27/8, rank=1}}"
15,0,"Question{QuestionCommittee{λ=23/4, rank=2}}"
16,0,"Question{QuestionCommittee{λ=23/4, rank=8}}"
17,0,"Question{QuestionCommittee{λ=23/4, rank=3}}"
18,0,"Question{QuestionCommittee{λ=23/4, rank=4}}"
19,0,"Question{QuestionCommittee{λ=35/16, rank=5}}"
20,0,"Question{QuestionCommittee{λ=51/32, rank=5}}"
21,0,"Question{QuestionCommittee{λ=27/8, rank=4}}"
22,0,"Question{QuestionCommittee{λ=83/64, rank=5}}"
23,0,"Question{QuestionCommittee{λ=147/128, rank=5}}"
24,0,"Question{QuestionCommittee{λ=35/16, rank=6}}"
25,0,"Question{QuestionCommittee{λ=51/32, rank=6}}"
26,0,"Question{QuestionCommittee{λ=35/16, rank=4}}"
27,0,"Question{QuestionCommittee{λ=275/256, rank=5}}"
28,0,"Question{QuestionCommittee{λ=51/32, rank=4}}"
29,0,"Question{QuestionCommittee{λ=27/8, rank=3}}"
30,0,"Question{QuestionCommittee{λ=27/8, rank=2}}"
31,0,"Question{QuestionCommittee{λ=35/16, rank=1}}"
32,0,"Question{QuestionCommittee{λ=35/16, rank=3}}"
33,0,"Question{QuestionCommittee{λ=35/16, rank=2}}"
34,0,"Question{QuestionCommittee{λ=51/32, rank=2}}"
35,0,"Question{QuestionCommittee{λ=83/64, rank=4}}"
36,0,"Question{QuestionCommittee{λ=51/32, rank=1}}"
37,0,"Question{QuestionCommittee{λ=23/4, rank=7}}"
38,0,"Question{QuestionCommittee{λ=51/32, rank=3}}"
39,0,"Question{QuestionCommittee{λ=531/512, rank=5}}"
40,0,"Question{QuestionCommittee{λ=27/8, rank=8}}"
41,0,"Question{QuestionCommittee{λ=35/16, rank=8}}"
42,0,"Question{QuestionCommittee{λ=27/8, rank=7}}"
43,0,"Question{QuestionCommittee{λ=83/64, rank=6}}"
44,0,"Question{QuestionCommittee{λ=51/32, rank=8}}"
45,0,"Question{QuestionCommittee{λ=35/16, rank=7}}"
46,0,"Question{QuestionCommittee{λ=83/64, rank=2}}"
47,0,"Question{QuestionCommittee{λ=185/128, rank=2}}"
48,0,"Question{QuestionCommittee{λ=185/128, rank=6}}"
49,0,"Question{QuestionCommittee{λ=121/64, rank=8}}"
50,0,"Question{QuestionCommittee{λ=351/256, rank=6}}"
51,0,"Question{QuestionCommittee{λ=683/512, rank=6}}"
52,0,"Question{QuestionCommittee{λ=147/128, rank=4}}"
53,0,"Question{QuestionCommittee{λ=83/64, rank=1}}"
54,0,"Question{QuestionCommittee{λ=351/256, rank=2}}"
55,0,"Question{QuestionCommittee{λ=1347/1024, rank=6}}"
56,0,"Question{QuestionCommittee{λ=83/64, rank=3}}"
57,0,"Question{QuestionCommittee{λ=683/512, rank=2}}"
58,0,"Question{QuestionCommittee{λ=1347/1024, rank=2}}"
59,0,"Question{QuestionCommittee{λ=147/128, rank=1}}"
60,0,"Question{QuestionCommittee{λ=147/128, rank=3}}"
61,0,"Question{QuestionCommittee{λ=275/256, rank=3}}"
62,0,"Question{QuestionCommittee{λ=275/256, rank=1}}"
63,0,"Question{QuestionCommittee{λ=2713/2048, rank=6}}"
64,0,"Question{QuestionCommittee{λ=5407/4096, rank=6}}"
65,0,"Question{QuestionCommittee{λ=569/512, rank=1}}"
66,0,"Question{QuestionCommittee{λ=51/32, rank=7}}"
67,0,"Question{QuestionCommittee{λ=1157/1024, rank=1}}"
68,0,"Question{QuestionCommittee{λ=569/512, rank=3}}"
69,0,"Question{QuestionCommittee{λ=83/64, rank=7}}"
70,0,"Question{QuestionCommittee{λ=223/128, rank=8}}"
71,0,"Question{QuestionCommittee{λ=1043/1024, rank=5}}"
72,0,"Question{QuestionCommittee{λ=275/256, rank=4}}"
73,0,"Question{QuestionCommittee{λ=1119/1024, rank=3}}"
74,0,"Question{QuestionCommittee{λ=427/256, rank=8}}"
75,0,"Question{QuestionCommittee{λ=2067/2048, rank=5}}"
76,0,"Question{QuestionCommittee{λ=10795/8192, rank=6}}"
77,0,"Question{QuestionCommittee{λ=873/512, rank=8}}"
78,0,"Question{QuestionCommittee{λ=2219/2048, rank=3}}"
79,0,"Question{QuestionCommittee{λ=4457/4096, rank=3}}"
80,0,"Question{QuestionCommittee{λ=2295/2048, rank=1}}"
81,0,"Question{QuestionCommittee{λ=4153/4096, rank=5}}"
82,0,"Question{QuestionCommittee{λ=21609/16384, rank=6}}"
83,0,"Question{QuestionCommittee{λ=43237/32768, rank=6}}"
84,0,"Question{QuestionCommittee{λ=8287/8192, rank=5}}"
85,0,"Question{QuestionCommittee{λ=16593/16384, rank=5}}"
86,0,"Question{QuestionCommittee{λ=4609/4096, rank=1}}"
87,0,"Question{QuestionCommittee{λ=531/512, rank=4}}"
88,0,"Question{QuestionCommittee{λ=1727/1024, rank=8}}"
89,0,"Question{QuestionCommittee{λ=9237/8192, rank=1}}"
90,0,"Question{QuestionCommittee{λ=3435/2048, rank=8}}"
91,0,"Question{QuestionCommittee{λ=1081/1024, rank=4}}"
92,0,"Question{QuestionCommittee{λ=8933/8192, rank=3}}"
93,0,"Question{QuestionCommittee{λ=86493/65536, rank=6}}"
94,0,"Question{QuestionCommittee{λ=2143/2048, rank=4}}"
95,0,"Question{QuestionCommittee{λ=173005/131072, rank=6}}"
96,0,"Question{QuestionCommittee{λ=6889/4096, rank=8}}"
97,0,"Question{QuestionCommittee{λ=13759/8192, rank=8}}"
98,0,"Question{QuestionCommittee{λ=18493/16384, rank=1}}"
99,0,"Question{QuestionCommittee{λ=2675/2048, rank=2}}"
100,0,"Question{QuestionCommittee{λ=147/128, rank=7}}"
101,0,"Question{QuestionCommittee{λ=275/256, rank=7}}"
102,0,"Question{QuestionCommittee{λ=37005/32768, rank=1}}"
103,0,"Question{QuestionCommittee{λ=73991/65536, rank=1}}"
104,0,"Question{QuestionCommittee{λ=531/512, rank=7}}"
105,0,"Question{QuestionCommittee{λ=27537/16384, rank=8}}"
106,0,"Question{QuestionCommittee{λ=4267/4096, rank=4}}"
107,0,"Question{QuestionCommittee{λ=33167/32768, rank=5}}"
108,0,"Question{QuestionCommittee{λ=66353/65536, rank=5}}"
109,0,"Question{QuestionCommittee{λ=8515/8192, rank=4}}"
110,0,"Question{QuestionCommittee{λ=148001/131072, rank=1}}"
111,0,"Question{QuestionCommittee{λ=346029/262144, rank=6}}"
112,0,"Question{QuestionCommittee{λ=1043/1024, rank=7}}"
113,0,"Question{QuestionCommittee{λ=55055/32768, rank=8}}"
114,0,"Question{QuestionCommittee{λ=110091/65536, rank=8}}"
115,0,"Question{QuestionCommittee{λ=17885/16384, rank=3}}"
116,0,"Question{QuestionCommittee{λ=17049/16384, rank=4}}"
117,0,"Question{QuestionCommittee{λ=692039/524288, rank=6}}"
118,0,"Question{QuestionCommittee{λ=295983/262144, rank=1}}"
119,0,"Question{QuestionCommittee{λ=220163/131072, rank=8}}"
120,0,"Question{QuestionCommittee{λ=440307/262144, rank=8}}"
121,0,"Question{QuestionCommittee{λ=5331/4096, rank=2}}"
122,0,"Question{QuestionCommittee{λ=35751/32768, rank=3}}"
123,0,"Question{QuestionCommittee{λ=10681/8192, rank=2}}"
124,0,"Question{QuestionCommittee{λ=1384059/1048576, rank=6}}"
125,0,"Question{QuestionCommittee{λ=2105/2048, rank=7}}"
126,0,"Question{QuestionCommittee{λ=4229/4096, rank=7}}"
127,0,"Question{QuestionCommittee{λ=2768099/2097152, rank=6}}"
128,0,"Question{QuestionCommittee{λ=21343/16384, rank=2}}"
129,0,"Question{QuestionCommittee{λ=8439/8192, rank=7}}"
130,0,"Question{QuestionCommittee{λ=5536217/4194304, rank=6}}"
131,0,"Question{QuestionCommittee{λ=132725/131072, rank=5}}"
132,0,"Question{QuestionCommittee{λ=42667/32768, rank=2}}"
133,0,"Question{QuestionCommittee{λ=34117/32768, rank=4}}"
134,0,"Question{QuestionCommittee{λ=68215/65536, rank=4}}"
135,0,"Question{QuestionCommittee{λ=11072415/8388608, rank=6}}"
136,0,"Question{QuestionCommittee{λ=136411/131072, rank=4}}"
137,0,"Question{QuestionCommittee{λ=272841/262144, rank=4}}"
138,0,"Question{QuestionCommittee{λ=880595/524288, rank=8}}"
139,0,"Question{QuestionCommittee{λ=22144811/16777216, rank=6}}"
140,0,"Question{QuestionCommittee{λ=44289603/33554432, rank=6}}"
141,0,"Question{QuestionCommittee{λ=1761209/1048576, rank=8}}"
142,0,"Question{QuestionCommittee{λ=88579225/67108864, rank=6}}"
143,0,"Question{QuestionCommittee{λ=265469/262144, rank=5}}"
144,0,"Question{QuestionCommittee{λ=545663/524288, rank=4}}"
145,0,"Question{QuestionCommittee{λ=16859/16384, rank=7}}"
146,0,"Question{QuestionCommittee{λ=530919/524288, rank=5}}"
147,0,"Question{QuestionCommittee{λ=1091307/1048576, rank=4}}"
148,0,"Question{QuestionCommittee{λ=71483/65536, rank=3}}"
149,0,"Question{QuestionCommittee{λ=142985/131072, rank=3}}"
150,0,"Question{QuestionCommittee{λ=285951/262144, rank=3}}"
151,1,"Question{QuestionVoter{voter=Voter{19}, a=1, b=2}}"
152,1,"Question{QuestionVoter{voter=Voter{19}, a=2, b=3}}"
153,1,"Question{QuestionVoter{voter=Voter{19}, a=3, b=4}}"
154,1,"Question{QuestionVoter{voter=Voter{19}, a=3, b=5}}"
155,1,"Question{QuestionVoter{voter=Voter{19}, a=3, b=6}}"
156,1,"Question{QuestionVoter{voter=Voter{19}, a=3, b=7}}"
157,1,"Question{QuestionVoter{voter=Voter{19}, a=3, b=8}}"
158,1,"Question{QuestionVoter{voter=Voter{19}, a=3, b=9}}"
159,1,"Question{QuestionVoter{voter=Voter{19}, a=3, b=10}}"
160,1,"Question{QuestionVoter{voter=Voter{15}, a=3, b=2}}"
161,1,"Question{QuestionVoter{voter=Voter{8}, a=3, b=4}}"
162,1,"Question{QuestionVoter{voter=Voter{5}, a=3, b=5}}"
163,1,"Question{QuestionVoter{voter=Voter{13}, a=3, b=5}}"
164,1,"Question{QuestionVoter{voter=Voter{7}, a=3, b=5}}"
165,1,"Question{QuestionVoter{voter=Voter{10}, a=3, b=6}}"
166,1,"Question{QuestionVoter{voter=Voter{20}, a=3, b=7}}"
167,1,"Question{QuestionVoter{voter=Voter{8}, a=3, b=8}}"
168,1,"Question{QuestionVoter{voter=Voter{4}, a=3, b=9}}"
169,1,"Question{QuestionVoter{voter=Voter{3}, a=3, b=10}}"
170,1,"Question{QuestionVoter{voter=Voter{5}, a=3, b=1}}"
171,1,"Question{QuestionVoter{voter=Voter{20}, a=3, b=4}}"
172,1,"Question{QuestionVoter{voter=Voter{13}, a=3, b=4}}"
173,1,"Question{QuestionVoter{voter=Voter{19}, a=1, b=4}}"
174,1,"Question{QuestionVoter{voter=Voter{2}, a=3, b=4}}"
175,1,"Question{QuestionVoter{voter=Voter{5}, a=3, b=4}}"
176,1,"Question{QuestionVoter{voter=Voter{12}, a=3, b=4}}"
177,1,"Question{QuestionVoter{voter=Voter{10}, a=3, b=8}}"
178,1,"Question{QuestionVoter{voter=Voter{14}, a=3, b=8}}"
179,1,"Question{QuestionVoter{voter=Voter{10}, a=3, b=2}}"
180,1,"Question{QuestionVoter{voter=Voter{20}, a=3, b=6}}"
181,1,"Question{QuestionVoter{voter=Voter{4}, a=3, b=6}}"
182,1,"Question{QuestionVoter{voter=Voter{12}, a=3, b=9}}"
183,1,"Question{QuestionVoter{voter=Voter{7}, a=3, b=1}}"
184,1,"Question{QuestionVoter{voter=Voter{20}, a=3, b=5}}"
185,1,"Question{QuestionVoter{voter=Voter{6}, a=3, b=7}}"
186,1,"Question{QuestionVoter{voter=Voter{15}, a=3, b=7}}"
187,1,"Question{QuestionVoter{voter=Voter{18}, a=3, b=7}}"
188,1,"Question{QuestionVoter{voter=Voter{19}, a=1, b=7}}"
189,1,"Question{QuestionVoter{voter=Voter{10}, a=3, b=7}}"
190,1,"Question{QuestionVoter{voter=Voter{4}, a=3, b=10}}"
191,1,"Question{QuestionVoter{voter=Voter{10}, a=3, b=1}}"
192,1,"Question{QuestionVoter{voter=Voter{14}, a=3, b=6}}"
193,1,"Question{QuestionVoter{voter=Voter{11}, a=3, b=6}}"
194,1,"Question{QuestionVoter{voter=Voter{20}, a=4, b=6}}"
195,1,"Question{QuestionVoter{voter=Voter{2}, a=3, b=6}}"
196,1,"Question{QuestionVoter{voter=Voter{11}, a=3, b=1}}"
197,1,"Question{QuestionVoter{voter=Voter{10}, a=1, b=6}}"
198,1,"Question{QuestionVoter{voter=Voter{12}, a=3, b=6}}"
199,1,"Question{QuestionVoter{voter=Voter{17}, a=3, b=6}}"
200,1,"Question{QuestionVoter{voter=Voter{14}, a=3, b=7}}"
201,1,"Question{QuestionVoter{voter=Voter{11}, a=3, b=2}}"
202,1,"Question{QuestionVoter{voter=Voter{12}, a=3, b=2}}"
203,1,"Question{QuestionVoter{voter=Voter{13}, a=3, b=9}}"
204,1,"Question{QuestionVoter{voter=Voter{13}, a=4, b=9}}"
205,1,"Question{QuestionVoter{voter=Voter{3}, a=3, b=9}}"
206,1,"Question{QuestionVoter{voter=Voter{2}, a=3, b=9}}"
207,1,"Question{QuestionVoter{voter=Voter{6}, a=3, b=10}}"
208,1,"Question{QuestionVoter{voter=Voter{14}, a=3, b=10}}"
209,1,"Question{QuestionVoter{voter=Voter{18}, a=3, b=8}}"
210,1,"Question{QuestionVoter{voter=Voter{4}, a=3, b=8}}"
211,1,"Question{QuestionVoter{voter=Voter{14}, a=3, b=5}}"
212,1,"Question{QuestionVoter{voter=Voter{13}, a=5, b=4}}"
213,1,"Question{QuestionVoter{voter=Voter{14}, a=3, b=4}}"
214,1,"Question{QuestionVoter{voter=Voter{15}, a=3, b=1}}"
215,1,"Question{QuestionVoter{voter=Voter{19}, a=5, b=1}}"
216,1,"Question{QuestionVoter{voter=Voter{1}, a=3, b=1}}"
217,1,"Question{QuestionVoter{voter=Voter{15}, a=1, b=7}}"
218,1,"Question{QuestionVoter{voter=Voter{12}, a=3, b=7}}"
219,1,"Question{QuestionVoter{voter=Voter{10}, a=1, b=7}}"
220,1,"Question{QuestionVoter{voter=Voter{20}, a=5, b=7}}"
221,1,"Question{QuestionVoter{voter=Voter{10}, a=2, b=7}}"
222,1,"Question{QuestionVoter{voter=Voter{9}, a=3, b=7}}"
223,1,"Question{QuestionVoter{voter=Voter{14}, a=4, b=7}}"
224,1,"Question{QuestionVoter{voter=Voter{3}, a=3, b=8}}"
225,1,"Question{QuestionVoter{voter=Voter{4}, a=6, b=10}}"
226,1,"Question{QuestionVoter{voter=Voter{13}, a=3, b=10}}"
227,1,"Question{QuestionVoter{voter=Voter{6}, a=7, b=10}}"
228,1,"Question{QuestionVoter{voter=Voter{19}, a=2, b=7}}"
229,1,"Question{QuestionVoter{voter=Voter{17}, a=3, b=7}}"
230,1,"Question{QuestionVoter{voter=Voter{13}, a=4, b=10}}"
231,1,"Question{QuestionVoter{voter=Voter{19}, a=1, b=10}}"
232,1,"Question{QuestionVoter{voter=Voter{20}, a=3, b=1}}"
233,1,"Question{QuestionVoter{voter=Voter{19}, a=1, b=6}}"
234,1,"Question{QuestionVoter{voter=Voter{4}, a=8, b=6}}"
235,1,"Question{QuestionVoter{voter=Voter{3}, a=3, b=1}}"
236,1,"Question{QuestionVoter{voter=Voter{8}, a=3, b=9}}"
237,1,"Question{QuestionVoter{voter=Voter{7}, a=3, b=6}}"
238,1,"Question{QuestionVoter{voter=Voter{18}, a=3, b=2}}"
239,1,"Question{QuestionVoter{voter=Voter{1}, a=3, b=2}}"
240,1,"Question{QuestionVoter{voter=Voter{10}, a=1, b=2}}"
241,1,"Question{QuestionVoter{voter=Voter{12}, a=4, b=2}}"
242,1,"Question{QuestionVoter{voter=Voter{17}, a=3, b=2}}"
243,1,"Question{QuestionVoter{voter=Voter{7}, a=3, b=4}}"
244,1,"Question{QuestionVoter{voter=Voter{17}, a=3, b=5}}"
245,1,"Question{QuestionVoter{voter=Voter{9}, a=3, b=5}}"
246,1,"Question{QuestionVoter{voter=Voter{2}, a=3, b=8}}"
247,1,"Question{QuestionVoter{voter=Voter{19}, a=1, b=8}}"
248,1,"Question{QuestionVoter{voter=Voter{6}, a=3, b=1}}"
249,1,"Question{QuestionVoter{voter=Voter{4}, a=8, b=10}}"
250,1,"Question{QuestionVoter{voter=Voter{6}, a=3, b=2}}"
251,1,"Question{QuestionVoter{voter=Voter{17}, a=2, b=7}}"
252,1,"Question{QuestionVoter{voter=Voter{8}, a=3, b=10}}"
253,1,"Question{QuestionVoter{voter=Voter{13}, a=3, b=7}}"
254,1,"Question{QuestionVoter{voter=Voter{16}, a=3, b=7}}"
255,1,"Question{QuestionVoter{voter=Voter{12}, a=6, b=7}}"
256,1,"Question{QuestionVoter{voter=Voter{6}, a=2, b=7}}"
257,1,"Question{QuestionVoter{voter=Voter{17}, a=3, b=9}}"
258,1,"Question{QuestionVoter{voter=Voter{9}, a=3, b=1}}"
259,1,"Question{QuestionVoter{voter=Voter{9}, a=1, b=7}}"
260,1,"Question{QuestionVoter{voter=Voter{20}, a=1, b=7}}"
261,1,"Question{QuestionVoter{voter=Voter{13}, a=4, b=7}}"
262,1,"Question{QuestionVoter{voter=Voter{17}, a=6, b=7}}"
263,1,"Question{QuestionVoter{voter=Voter{20}, a=3, b=2}}"
264,1,"Question{QuestionVoter{voter=Voter{4}, a=9, b=6}}"
265,1,"Question{QuestionVoter{voter=Voter{11}, a=1, b=6}}"
266,1,"Question{QuestionVoter{voter=Voter{13}, a=3, b=6}}"
267,1,"Question{QuestionVoter{voter=Voter{15}, a=3, b=6}}"
268,1,"Question{QuestionVoter{voter=Voter{9}, a=3, b=2}}"
269,1,"Question{QuestionVoter{voter=Voter{14}, a=5, b=7}}"
270,1,"Question{QuestionVoter{voter=Voter{19}, a=4, b=2}}"
271,1,"Question{QuestionVoter{voter=Voter{1}, a=3, b=7}}"
272,1,"Question{QuestionVoter{voter=Voter{5}, a=3, b=2}}"
273,1,"Question{QuestionVoter{voter=Voter{9}, a=1, b=2}}"
274,1,"Question{QuestionVoter{voter=Voter{13}, a=3, b=8}}"
275,1,"Question{QuestionVoter{voter=Voter{12}, a=3, b=8}}"
276,1,"Question{QuestionVoter{voter=Voter{11}, a=3, b=4}}"
277,1,"Question{QuestionVoter{voter=Voter{5}, a=2, b=4}}"
278,1,"Question{QuestionVoter{voter=Voter{8}, a=8, b=4}}"
279,1,"Question{QuestionVoter{voter=Voter{13}, a=6, b=4}}"
280,1,"Question{QuestionVoter{voter=Voter{8}, a=9, b=4}}"
281,1,"Question{QuestionVoter{voter=Voter{9}, a=3, b=4}}"
282,1,"Question{QuestionVoter{voter=Voter{5}, a=2, b=5}}"
283,1,"Question{QuestionVoter{voter=Voter{17}, a=3, b=1}}"
284,1,"Question{QuestionVoter{voter=Voter{10}, a=3, b=5}}"
285,1,"Question{QuestionVoter{voter=Voter{8}, a=3, b=2}}"
286,1,"Question{QuestionVoter{voter=Voter{13}, a=7, b=10}}"
287,1,"Question{QuestionVoter{voter=Voter{12}, a=3, b=10}}"
288,1,"Question{QuestionVoter{voter=Voter{16}, a=3, b=9}}"
289,1,"Question{QuestionVoter{voter=Voter{11}, a=3, b=9}}"
290,1,"Question{QuestionVoter{voter=Voter{9}, a=3, b=8}}"
291,1,"Question{QuestionVoter{voter=Voter{14}, a=5, b=4}}"
292,1,"Question{QuestionVoter{voter=Voter{16}, a=3, b=5}}"
293,1,"Question{QuestionVoter{voter=Voter{17}, a=1, b=5}}"
294,1,"Question{QuestionVoter{voter=Voter{18}, a=3, b=4}}"
295,1,"Question{QuestionVoter{voter=Voter{4}, a=3, b=4}}"
296,1,"Question{QuestionVoter{voter=Voter{9}, a=5, b=4}}"
297,1,"Question{QuestionVoter{voter=Voter{7}, a=5, b=4}}"
298,1,"Question{QuestionVoter{voter=Voter{9}, a=8, b=4}}"
299,1,"Question{QuestionVoter{voter=Voter{2}, a=6, b=4}}"
300,1,"Question{QuestionVoter{voter=Voter{18}, a=2, b=7}}"
301,1,"Question{QuestionVoter{voter=Voter{19}, a=4, b=7}}"
302,1,"Question{QuestionVoter{voter=Voter{20}, a=2, b=4}}"
303,1,"Question{QuestionVoter{voter=Voter{17}, a=9, b=7}}"
304,1,"Question{QuestionVoter{voter=Voter{16}, a=5, b=7}}"
305,1,"Question{QuestionVoter{voter=Voter{10}, a=3, b=10}}"
306,1,"Question{QuestionVoter{voter=Voter{5}, a=4, b=5}}"
307,1,"Question{QuestionVoter{voter=Voter{9}, a=8, b=5}}"
308,1,"Question{QuestionVoter{voter=Voter{10}, a=2, b=6}}"
309,1,"Question{QuestionVoter{voter=Voter{15}, a=2, b=6}}"
310,1,"Question{QuestionVoter{voter=Voter{5}, a=3, b=6}}"
311,1,"Question{QuestionVoter{voter=Voter{5}, a=6, b=5}}"
312,1,"Question{QuestionVoter{voter=Voter{6}, a=3, b=5}}"
313,1,"Question{QuestionVoter{voter=Voter{1}, a=3, b=5}}"
314,1,"Question{QuestionVoter{voter=Voter{18}, a=3, b=5}}"
315,1,"Question{QuestionVoter{voter=Voter{11}, a=3, b=7}}"
316,1,"Question{QuestionVoter{voter=Voter{2}, a=3, b=7}}"
317,1,"Question{QuestionVoter{voter=Voter{2}, a=3, b=2}}"
318,1,"Question{QuestionVoter{voter=Voter{7}, a=3, b=2}}"
319,1,"Question{QuestionVoter{voter=Voter{11}, a=2, b=6}}"
320,1,"Question{QuestionVoter{voter=Voter{16}, a=3, b=4}}"
321,1,"Question{QuestionVoter{voter=Voter{18}, a=2, b=4}}"
322,1,"Question{QuestionVoter{voter=Voter{2}, a=2, b=4}}"
323,1,"Question{QuestionVoter{voter=Voter{2}, a=8, b=4}}"
324,1,"Question{QuestionVoter{voter=Voter{14}, a=8, b=4}}"
325,1,"Question{QuestionVoter{voter=Voter{17}, a=3, b=4}}"
326,1,"Question{QuestionVoter{voter=Voter{17}, a=1, b=4}}"
327,1,"Question{QuestionVoter{voter=Voter{1}, a=3, b=9}}"
328,1,"Question{QuestionVoter{voter=Voter{1}, a=3, b=6}}"
329,1,"Question{QuestionVoter{voter=Voter{13}, a=8, b=4}}"
330,1,"Question{QuestionVoter{voter=Voter{7}, a=2, b=4}}"
331,1,"Question{QuestionVoter{voter=Voter{16}, a=3, b=10}}"
332,1,"Question{QuestionVoter{voter=Voter{11}, a=3, b=10}}"
333,1,"Question{QuestionVoter{voter=Voter{19}, a=8, b=10}}"
334,1,"Question{QuestionVoter{voter=Voter{8}, a=2, b=10}}"
335,1,"Question{QuestionVoter{voter=Voter{17}, a=3, b=10}}"
336,1,"Question{QuestionVoter{voter=Voter{3}, a=3, b=4}}"
337,1,"Question{QuestionVoter{voter=Voter{20}, a=3, b=8}}"
338,1,"Question{QuestionVoter{voter=Voter{7}, a=6, b=4}}"
339,1,"Question{QuestionVoter{voter=Voter{17}, a=5, b=4}}"
340,1,"Question{QuestionVoter{voter=Voter{16}, a=5, b=4}}"
341,1,"Question{QuestionVoter{voter=Voter{16}, a=4, b=7}}"
342,1,"Question{QuestionVoter{voter=Voter{1}, a=1, b=7}}"
343,1,"Question{QuestionVoter{voter=Voter{4}, a=3, b=7}}"
344,1,"Question{QuestionVoter{voter=Voter{11}, a=1, b=7}}"
345,1,"Question{QuestionVoter{voter=Voter{18}, a=4, b=7}}"
346,1,"Question{QuestionVoter{voter=Voter{15}, a=3, b=4}}"
347,1,"Question{QuestionVoter{voter=Voter{17}, a=10, b=7}}"
348,1,"Question{QuestionVoter{voter=Voter{12}, a=3, b=1}}"
349,1,"Question{QuestionVoter{voter=Voter{11}, a=3, b=5}}"
350,1,"Question{QuestionVoter{voter=Voter{6}, a=3, b=9}}"
351,1,"Question{QuestionVoter{voter=Voter{12}, a=1, b=9}}"
352,1,"Question{QuestionVoter{voter=Voter{16}, a=9, b=7}}"
353,1,"Question{QuestionVoter{voter=Voter{17}, a=3, b=8}}"
354,1,"Question{QuestionVoter{voter=Voter{20}, a=3, b=9}}"
355,1,"Question{QuestionVoter{voter=Voter{1}, a=6, b=7}}"
356,1,"Question{QuestionVoter{voter=Voter{20}, a=3, b=10}}"
357,1,"Question{QuestionVoter{voter=Voter{4}, a=4, b=7}}"
358,1,"Question{QuestionVoter{voter=Voter{1}, a=9, b=7}}"
359,1,"Question{QuestionVoter{voter=Voter{14}, a=10, b=7}}"
360,1,"Question{QuestionVoter{voter=Voter{17}, a=8, b=7}}"
361,1,"Question{QuestionVoter{voter=Voter{16}, a=10, b=7}}"
362,1,"Question{QuestionVoter{voter=Voter{18}, a=8, b=7}}"
363,1,"Question{QuestionVoter{voter=Voter{18}, a=3, b=1}}"
364,1,"Question{QuestionVoter{voter=Voter{9}, a=3, b=6}}"
365,1,"Question{QuestionVoter{voter=Voter{7}, a=3, b=7}}"
366,1,"Question{QuestionVoter{voter=Voter{9}, a=1, b=6}}"
367,1,"Question{QuestionVoter{voter=Voter{2}, a=3, b=1}}"
368,1,"Question{QuestionVoter{voter=Voter{17}, a=2, b=6}}"
369,1,"Question{QuestionVoter{voter=Voter{15}, a=3, b=5}}"
370,1,"Question{QuestionVoter{voter=Voter{4}, a=3, b=1}}"
371,1,"Question{QuestionVoter{voter=Voter{4}, a=1, b=6}}"
372,1,"Question{QuestionVoter{voter=Voter{15}, a=5, b=6}}"
373,1,"Question{QuestionVoter{voter=Voter{4}, a=3, b=2}}"
374,1,"Question{QuestionVoter{voter=Voter{17}, a=8, b=6}}"
375,1,"Question{QuestionVoter{voter=Voter{14}, a=3, b=1}}"
376,1,"Question{QuestionVoter{voter=Voter{18}, a=3, b=6}}"
377,1,"Question{QuestionVoter{voter=Voter{1}, a=1, b=6}}"
378,1,"Question{QuestionVoter{voter=Voter{15}, a=3, b=8}}"
379,1,"Question{QuestionVoter{voter=Voter{6}, a=3, b=6}}"
380,1,"Question{QuestionVoter{voter=Voter{7}, a=2, b=6}}"
381,1,"Question{QuestionVoter{voter=Voter{11}, a=4, b=6}}"
382,1,"Question{QuestionVoter{voter=Voter{19}, a=2, b=6}}"
383,1,"Question{QuestionVoter{voter=Voter{19}, a=4, b=6}}"
384,1,"Question{QuestionVoter{voter=Voter{16}, a=3, b=6}}"
385,1,"Question{QuestionVoter{voter=Voter{1}, a=9, b=6}}"
386,1,"Question{QuestionVoter{voter=Voter{5}, a=2, b=6}}"
387,1,"Question{QuestionVoter{voter=Voter{20}, a=2, b=6}}"
388,1,"Question{QuestionVoter{voter=Voter{8}, a=3, b=6}}"
389,1,"Question{QuestionVoter{voter=Voter{2}, a=1, b=6}}"
390,1,"Question{QuestionVoter{voter=Voter{15}, a=8, b=6}}"
391,1,"Question{QuestionVoter{voter=Voter{12}, a=2, b=9}}"
392,1,"Question{QuestionVoter{voter=Voter{8}, a=3, b=1}}"
393,1,"Question{QuestionVoter{voter=Voter{18}, a=3, b=9}}"
394,1,"Question{QuestionVoter{voter=Voter{18}, a=1, b=4}}"
395,1,"Question{QuestionVoter{voter=Voter{18}, a=6, b=4}}"
396,1,"Question{QuestionVoter{voter=Voter{18}, a=8, b=4}}"
397,1,"Question{QuestionVoter{voter=Voter{9}, a=3, b=9}}"
398,1,"Question{QuestionVoter{voter=Voter{7}, a=7, b=4}}"
399,1,"Question{QuestionVoter{voter=Voter{15}, a=1, b=4}}"
400,1,"Question{QuestionVoter{voter=Voter{9}, a=9, b=4}}"
401,1,"Question{QuestionVoter{voter=Voter{20}, a=8, b=4}}"
402,1,"Question{QuestionVoter{voter=Voter{9}, a=6, b=7}}"
403,1,"Question{QuestionVoter{voter=Voter{8}, a=3, b=7}}"
404,1,"Question{QuestionVoter{voter=Voter{11}, a=4, b=2}}"
405,1,"Question{QuestionVoter{voter=Voter{4}, a=4, b=2}}"
406,1,"Question{QuestionVoter{voter=Voter{18}, a=1, b=2}}"
407,1,"Question{QuestionVoter{voter=Voter{5}, a=3, b=7}}"
408,1,"Question{QuestionVoter{voter=Voter{2}, a=1, b=2}}"
409,1,"Question{QuestionVoter{voter=Voter{14}, a=3, b=2}}"
410,1,"Question{QuestionVoter{voter=Voter{19}, a=5, b=4}}"
411,1,"Question{QuestionVoter{voter=Voter{4}, a=3, b=5}}"
412,1,"Question{QuestionVoter{voter=Voter{10}, a=3, b=4}}"
413,1,"Question{QuestionVoter{voter=Voter{5}, a=3, b=8}}"
414,1,"Question{QuestionVoter{voter=Voter{5}, a=2, b=8}}"
415,1,"Question{QuestionVoter{voter=Voter{6}, a=2, b=6}}"
416,1,"Question{QuestionVoter{voter=Voter{6}, a=6, b=5}}"
417,1,"Question{QuestionVoter{voter=Voter{18}, a=6, b=10}}"
418,1,"Question{QuestionVoter{voter=Voter{19}, a=6, b=9}}"
419,1,"Question{QuestionVoter{voter=Voter{8}, a=1, b=10}}"
420,1,"Question{QuestionVoter{voter=Voter{7}, a=6, b=10}}"
421,1,"Question{QuestionVoter{voter=Voter{12}, a=1, b=8}}"
422,1,"Question{QuestionVoter{voter=Voter{14}, a=1, b=8}}"
423,1,"Question{QuestionVoter{voter=Voter{2}, a=1, b=8}}"
424,1,"Question{QuestionVoter{voter=Voter{11}, a=6, b=7}}"
425,1,"Question{QuestionVoter{voter=Voter{11}, a=7, b=4}}"
426,1,"Question{QuestionVoter{voter=Voter{4}, a=2, b=7}}"
427,1,"Question{QuestionVoter{voter=Voter{11}, a=6, b=8}}"
428,1,"Question{QuestionVoter{voter=Voter{11}, a=6, b=10}}"
429,1,"Question{QuestionVoter{voter=Voter{18}, a=6, b=1}}"
430,1,"Question{QuestionVoter{voter=Voter{5}, a=6, b=4}}"
431,1,"Question{QuestionVoter{voter=Voter{17}, a=6, b=9}}"
432,1,"Question{QuestionVoter{voter=Voter{13}, a=6, b=5}}"
433,1,"Question{QuestionVoter{voter=Voter{9}, a=6, b=10}}"
434,1,"Question{QuestionVoter{voter=Voter{6}, a=6, b=4}}"
435,1,"Question{QuestionVoter{voter=Voter{15}, a=4, b=7}}"
436,1,"Question{QuestionVoter{voter=Voter{16}, a=6, b=10}}"
437,1,"Question{QuestionVoter{voter=Voter{14}, a=2, b=10}}"
438,1,"Question{QuestionVoter{voter=Voter{7}, a=2, b=10}}"
439,1,"Question{QuestionVoter{voter=Voter{2}, a=6, b=10}}"
440,1,"Question{QuestionVoter{voter=Voter{3}, a=6, b=7}}"
441,1,"Question{QuestionVoter{voter=Voter{4}, a=6, b=5}}"
442,1,"Question{QuestionVoter{voter=Voter{1}, a=6, b=4}}"
443,1,"Question{QuestionVoter{voter=Voter{19}, a=5, b=7}}"
444,1,"Question{QuestionVoter{voter=Voter{18}, a=10, b=7}}"
445,1,"Question{QuestionVoter{voter=Voter{8}, a=1, b=7}}"
446,1,"Question{QuestionVoter{voter=Voter{8}, a=2, b=7}}"
447,1,"Question{QuestionVoter{voter=Voter{14}, a=2, b=7}}"
448,1,"Question{QuestionVoter{voter=Voter{17}, a=8, b=9}}"
449,1,"Question{QuestionVoter{voter=Voter{17}, a=6, b=10}}"
450,1,"Question{QuestionVoter{voter=Voter{10}, a=6, b=9}}"
451,1,"Question{QuestionVoter{voter=Voter{1}, a=2, b=4}}"
452,1,"Question{QuestionVoter{voter=Voter{13}, a=8, b=7}}"
453,1,"Question{QuestionVoter{voter=Voter{3}, a=6, b=4}}"
454,1,"Question{QuestionVoter{voter=Voter{5}, a=6, b=9}}"
455,1,"Question{QuestionVoter{voter=Voter{15}, a=6, b=9}}"
456,1,"Question{QuestionVoter{voter=Voter{9}, a=10, b=7}}"
457,1,"Question{QuestionVoter{voter=Voter{11}, a=2, b=7}}"
458,1,"Question{QuestionVoter{voter=Voter{14}, a=2, b=4}}"
459,1,"Question{QuestionVoter{voter=Voter{7}, a=6, b=8}}"
460,1,"Question{QuestionVoter{voter=Voter{11}, a=10, b=4}}"
461,1,"Question{QuestionVoter{voter=Voter{5}, a=1, b=7}}"
462,1,"Question{QuestionVoter{voter=Voter{2}, a=9, b=7}}"
463,1,"Question{QuestionVoter{voter=Voter{13}, a=6, b=1}}"
464,1,"Question{QuestionVoter{voter=Voter{5}, a=6, b=10}}"
465,1,"Question{QuestionVoter{voter=Voter{15}, a=8, b=2}}"
466,1,"Question{QuestionVoter{voter=Voter{8}, a=4, b=2}}"
467,1,"Question{QuestionVoter{voter=Voter{12}, a=6, b=5}}"
468,1,"Question{QuestionVoter{voter=Voter{18}, a=10, b=4}}"
469,1,"Question{QuestionVoter{voter=Voter{12}, a=1, b=2}}"
470,1,"Question{QuestionVoter{voter=Voter{13}, a=6, b=2}}"
471,1,"Question{QuestionVoter{voter=Voter{5}, a=9, b=2}}"
472,1,"Question{QuestionVoter{voter=Voter{16}, a=6, b=2}}"
473,1,"Question{QuestionVoter{voter=Voter{3}, a=6, b=2}}"
474,1,"Question{QuestionVoter{voter=Voter{13}, a=4, b=2}}"
475,1,"Question{QuestionVoter{voter=Voter{5}, a=10, b=2}}"
476,1,"Question{QuestionVoter{voter=Voter{13}, a=7, b=2}}"
477,1,"Question{QuestionVoter{voter=Voter{3}, a=6, b=1}}"
478,1,"Question{QuestionVoter{voter=Voter{8}, a=8, b=2}}"
479,1,"Question{QuestionVoter{voter=Voter{6}, a=4, b=2}}"
480,1,"Question{QuestionVoter{voter=Voter{20}, a=6, b=8}}"
481,1,"Question{QuestionVoter{voter=Voter{20}, a=6, b=9}}"
482,1,"Question{QuestionVoter{voter=Voter{10}, a=6, b=4}}"
483,1,"Question{QuestionVoter{voter=Voter{13}, a=8, b=2}}"
484,1,"Question{QuestionVoter{voter=Voter{1}, a=5, b=2}}"
485,1,"Question{QuestionVoter{voter=Voter{12}, a=5, b=2}}"
486,1,"Question{QuestionVoter{voter=Voter{7}, a=6, b=7}}"
487,1,"Question{QuestionVoter{voter=Voter{8}, a=9, b=2}}"
488,1,"Question{QuestionVoter{voter=Voter{2}, a=10, b=7}}"
489,1,"Question{QuestionVoter{voter=Voter{6}, a=5, b=2}}"
490,1,"Question{QuestionVoter{voter=Voter{15}, a=9, b=2}}"
491,1,"Question{QuestionVoter{voter=Voter{12}, a=10, b=2}}"
492,1,"Question{QuestionVoter{voter=Voter{8}, a=6, b=5}}"
493,1,"Question{QuestionVoter{voter=Voter{15}, a=6, b=10}}"
494,1,"Question{QuestionVoter{voter=Voter{6}, a=5, b=7}}"
495,1,"Question{QuestionVoter{voter=Voter{11}, a=10, b=7}}"
496,1,"Question{QuestionVoter{voter=Voter{6}, a=6, b=9}}"
497,1,"Question{QuestionVoter{voter=Voter{7}, a=6, b=9}}"
498,1,"Question{QuestionVoter{voter=Voter{1}, a=6, b=8}}"
499,1,"Question{QuestionVoter{voter=Voter{20}, a=9, b=2}}"
500,1,"Question{QuestionVoter{voter=Voter{10}, a=4, b=2}}"
